{
  "auto_map": {
    "AutoProcessor": "microsoft/Florence-2-base-ft--processing_florence2.Florence2Processor"
  },
  "crop_size": {
    "height": 768,
    "width": 768
  },
  "do_center_crop": false,
  "do_convert_rgb": null,
  "do_normalize": true,
  "do_rescale": true,
  "do_resize": true,
  "image_mean": [
    0.485,
    0.456,
    0.406
  ],
  "image_processor_type": "CLIPImageProcessor",
  "image_seq_length": 577,
  "image_std": [
    0.229,
    0.224,
    0.225
  ],
  "processor_class": "Florence2Processor",
  "resample": 3,
  "rescale_factor": 0.00392156862745098,
  "size": {
    "height": 768,
    "width": 768
  }
}
